iterations,test-F1-mean,test-F1-std,train-F1-mean,train-F1-std,test-Logloss-mean,test-Logloss-std,train-Logloss-mean,train-Logloss-std
0,0.7203707611640444,0.051883027821276614,0.730429078334671,0.017200926357925812,0.5819947725482004,0.029292090483710533,0.5713352702290903,0.030859430833502722
1,0.7301361845207541,0.0625562356873762,0.7410372216237595,0.022373228520264053,0.5211830906481857,0.039102224543679905,0.48779156491606396,0.027693011801754038
2,0.7290928080757888,0.06549825402274004,0.7526131672596672,0.03149181811924689,0.49691590630235377,0.060423150014951924,0.4353874550802882,0.030791528287824582
3,0.7226786341213403,0.054935263900191045,0.7623083189692338,0.029234188099050436,0.4877754948999787,0.06386425341086072,0.40244792009380015,0.023771139320112666
4,0.7234455373303961,0.052334690480404455,0.7609839869385485,0.03010291414932547,0.47980822165621306,0.0649516697153476,0.3961205226070742,0.02005840345935614
5,0.7216097638514445,0.054553326809366386,0.7753012910805686,0.024860758257830615,0.4893647168059384,0.08244376342521448,0.37125987421187207,0.026133363515364213
6,0.7120211426464014,0.05607774132539054,0.7900009393350667,0.012174219088238077,0.4935577375681839,0.08405311259123774,0.35117151010743064,0.01988623177696626
7,0.7167877971809097,0.05015449523683833,0.7988417189441357,0.0131572313615583,0.4821466776232328,0.06314910537358942,0.3393810735603347,0.016388292603732132
8,0.7205525462730511,0.049879222662439306,0.8075108231631614,0.010953496969172838,0.4827955448589467,0.06883861176890609,0.328704889908619,0.013405917171816743
9,0.7213630360623278,0.06295611491468074,0.8103723606318601,0.012376212813061149,0.49013776946407284,0.08301733043561828,0.3212560844613773,0.01724159467586662
10,0.7146889608300506,0.06716879153248596,0.8126085497068185,0.015587545961088235,0.4940212269460787,0.09778622309792935,0.3159810224156533,0.019062414623791858
11,0.714177464568397,0.07478889567189154,0.8142613564007368,0.015038986675925351,0.49263345473592074,0.09933969397358294,0.31261236153729915,0.019411681368254063
12,0.7174444606183347,0.07226861602406015,0.8165018404147176,0.01358701540733574,0.4931417841725286,0.10059952849225651,0.3098986355710664,0.020054544415282944
13,0.7225492212455263,0.0752931385121077,0.8244741178547571,0.005048262466419996,0.5066352740888661,0.10242443613126448,0.30147672482431764,0.014441864932334882
14,0.7253520614176352,0.07495717896156628,0.8309441280889098,0.005680533359673314,0.5072516322031547,0.11064918576250699,0.293758223951639,0.014594723891889884
15,0.7295307948317611,0.07282455986843474,0.8346280135535767,0.006769808508003532,0.5049790218705488,0.11125281877956356,0.29098813565956344,0.012714262849834115
16,0.7319700692599541,0.06003730266433886,0.840368354996758,0.004296119263428784,0.5122746372932339,0.1203710765912141,0.2834286673685408,0.013233669179635008
17,0.7355646405157461,0.061610670940691316,0.8419760210803687,0.004577777168212225,0.5124023708093949,0.12672040265990567,0.2766473743235155,0.015563236176246933
18,0.7309067096575586,0.06805880159450957,0.8442826067583136,0.003222816079338635,0.5203264367028915,0.14318092206538433,0.2741864117206843,0.017628651765116958
19,0.732747131607957,0.06938748381665082,0.8449459890415281,0.0024139085526405546,0.5224753792549005,0.14857747357356088,0.27259892813238074,0.017915707855565267
20,0.743631210335271,0.07152842790933536,0.8513544978552895,0.0057198558189678365,0.5257393958608326,0.14906928659587407,0.26757318883587006,0.016565989977884665
21,0.743631210335271,0.07152842790933536,0.8536824250428792,0.0036904512841728215,0.5267130566622592,0.14932513045128604,0.2643287900238286,0.012582744510725882
22,0.7406743183899089,0.07019983841195813,0.8547120406325934,0.00404377463392991,0.5390960326291375,0.13887483758722924,0.25651139816005875,0.014672927334056191
23,0.7249497647542303,0.062411579555780236,0.8594676571453915,0.002718483524370653,0.5457310050576986,0.13807610092028436,0.25050874795383204,0.009982268468579717
24,0.722524727600633,0.05761173867500771,0.8620536576110609,0.0025833425003275756,0.546689483196423,0.13742299763997673,0.2489654875155786,0.010088947357777227
25,0.7233377440415564,0.05820377926247943,0.86430151235028,0.003525362951287641,0.557909883491026,0.14957024798120952,0.2425503019028997,0.01019214836746232
26,0.7169312171120248,0.05398139006831025,0.8668585574015844,0.004121138238418451,0.5655859784874716,0.14583484162690033,0.23970589708766643,0.007585272929903865
27,0.7224428967694199,0.04769225509430096,0.8702565550586246,0.005597125004961753,0.5751802860206285,0.1664275625465386,0.2353752477392367,0.008338237116316217
28,0.7170904059011317,0.05555357224339505,0.8740545580094204,0.0110675527347852,0.5871830902421445,0.18485268625136453,0.2304332115631636,0.011789712435834071
29,0.716031917209311,0.056692288621315416,0.8783196239274981,0.012253112191505246,0.5882954472091408,0.18518425478337133,0.22119556368357265,0.017351830360517472
30,0.7161865918113648,0.060286664302169966,0.8852621176663575,0.009455333960602472,0.6028577100137053,0.19020442323691622,0.2098086956346891,0.015018834083622078
31,0.7161286254728878,0.062476102908644575,0.8873588299747952,0.013632297999785771,0.6085376029788765,0.18655276903441098,0.20136504190545326,0.01779078888145164
32,0.7141008228491549,0.059639344683166035,0.8922801789746844,0.013455478539960758,0.6081400582713385,0.18530084912581862,0.19516810199642037,0.021271094063879437
33,0.7222314555206033,0.052917044561598875,0.9001478173707307,0.011076297789466562,0.612078527489001,0.18353292983833394,0.18828987927654298,0.02239239654167842
34,0.7172169121448937,0.05735939031518788,0.9061793880181357,0.011012635893889632,0.6295754169387193,0.1887132686775764,0.17687255710496347,0.023259862300193845
35,0.7172747533592251,0.06017616505284649,0.9122555082495933,0.007657968587848519,0.6389611297062076,0.19352702894595442,0.1679179402130763,0.015581432214133332
36,0.7194788850662948,0.06222206282964545,0.9175527521217866,0.0084351693682233,0.6305691564257105,0.18983384488631996,0.15834320809083496,0.01933902390964211
37,0.7240599930749184,0.051495848541052734,0.9216417459311635,0.010442590182979135,0.6426880938809125,0.19504805730960495,0.1456571376298336,0.01831164145190972
38,0.715874251759406,0.05797057101859118,0.9249757276512864,0.012278276392566375,0.6472216914207605,0.20478849868533117,0.1394355834050539,0.021028900769929776
39,0.7126032128780724,0.05412083215128113,0.9301636626283833,0.015178257810230293,0.6660155271080936,0.21220649290139723,0.1312284345980313,0.021078584006672087
40,0.7154097282338361,0.05642261323535033,0.9392191566317027,0.014620153174837777,0.6734011282810772,0.2194719189540511,0.12102939747361541,0.021725330140631438
41,0.7142540470829258,0.05690786036678597,0.9408595015237889,0.014863575191628639,0.6903284439176439,0.2422760099130587,0.11549213512037974,0.021624769500926528
42,0.7174326465005828,0.05924798954147698,0.9471643137812713,0.013213971734804002,0.7004632493354563,0.25931297976983436,0.10741647384943467,0.01848342146623737
43,0.7129573876794811,0.05438258662972739,0.9510457246802433,0.012930369179848578,0.7132155995668381,0.26606321686690293,0.10101278345921794,0.018445988910584514
44,0.7115939663391784,0.05860686855482397,0.9552967102457158,0.014301479926874366,0.7211602909513881,0.2654596262536032,0.09639206787398423,0.017910004005960805
45,0.705823990771495,0.05663077681724059,0.9598573012774312,0.013833813692741658,0.7531253658021904,0.2641841058379165,0.0896811550670505,0.01780779920372338
46,0.7007114471298594,0.057370193740474265,0.9633147949503542,0.010303756645305268,0.766217699237079,0.2827607968562747,0.08508276059868498,0.016511544529113582
47,0.7034813758279449,0.05738382315978715,0.9645442375403208,0.010056048921066148,0.7751584860809814,0.2831482900528888,0.08074149018849633,0.015510549371714817
48,0.7075215468670265,0.05519534669249663,0.9675944595009686,0.01018522290217484,0.7787726513601438,0.2877283924576564,0.07601137932618332,0.01642503436644962
49,0.7083509218883306,0.05654829379582351,0.9713491426646748,0.010478125494469692,0.7873432031375986,0.2880922681700165,0.07210013542972553,0.016856416617089056
50,0.7103486452810722,0.05307977103900396,0.973237779448285,0.011321030095655781,0.789857894128031,0.2919548387502742,0.0694007368104026,0.01580185563365633
51,0.7082227482275062,0.05707391197877377,0.976596403264016,0.0073891911211012296,0.7925968789907626,0.29607507130538396,0.064845292483898,0.011626036358730918
52,0.7093242234463297,0.0615993702394263,0.9781248102016475,0.005556661183887407,0.8013852936053553,0.30466111480449926,0.061551040816164235,0.011499072049834948
53,0.7053039181509543,0.059958844320042004,0.9785041134380936,0.005428478158735519,0.810116244792358,0.3079273219830643,0.05781464890874932,0.010883797105565446
54,0.7018907750021981,0.06178396256497462,0.9800037466794107,0.004483663643540037,0.8205624362659325,0.3179752007852366,0.05561765265199693,0.009892752962221347
55,0.6981977871948744,0.06309751491233334,0.9811402899207872,0.003598895425795763,0.8300412801945605,0.3149450085929223,0.0528799750200214,0.009455132916863297
56,0.6918355082634221,0.06567541702085619,0.9815167964584959,0.0035034757216053855,0.8550681062731987,0.35803176624425714,0.050878166137075985,0.009377144908530298
57,0.6909888762294834,0.06639204251945806,0.9833761336422271,0.004399195756683352,0.8554132625860357,0.3644265471639198,0.04812968840732467,0.009828037788527994
58,0.6956286961047582,0.06981939026924498,0.9856311545412595,0.002756436713061457,0.8650734712821941,0.3734108346685899,0.04529484935107415,0.009166576065802672
59,0.7011259585495836,0.06895931211368116,0.9856339100432961,0.002414714694668078,0.8545668008317998,0.36003052949098563,0.04252704914346925,0.01003088644974213
60,0.7017930214554302,0.06544580897254354,0.9871207111784491,0.0034744039577477653,0.8612186221352907,0.35982389234685297,0.0407467635721112,0.01010223087788826
61,0.7029523172905525,0.06738436796226392,0.9882203115286075,0.004259700164306945,0.8690786436197445,0.3684782503237032,0.0389430819046043,0.010653994701441329
62,0.699746628082955,0.06409851861016927,0.9893279423658434,0.0046058917762206945,0.8852858952609651,0.36641404231891256,0.036074853068368676,0.011255898062333817
63,0.7038967098809619,0.06447393962924261,0.9900768027956242,0.003075121168043375,0.8846534710770573,0.357892507246419,0.034100812285268275,0.008565735420695159
64,0.7029124579124579,0.0659071988238462,0.9900768027956242,0.003075121168043375,0.8897295779032011,0.3585142464027857,0.03289686729387398,0.008539304314660892
65,0.7061482984483398,0.06652321681625796,0.9908174812530245,0.002902441668542429,0.8935229521815771,0.359102279284405,0.031084290175214614,0.007619995726119147
66,0.7072817705741785,0.06733911641253577,0.9908174812530245,0.002902441668542429,0.8953553404640722,0.36482119605169605,0.030223912885364402,0.006999113947117602
67,0.7033462980595947,0.07084088012882352,0.9904545193773657,0.0023931650669826144,0.9003631272433281,0.36991500127076976,0.029278577897141916,0.0071560091419027565
68,0.7003707919986989,0.07713622699627479,0.990825524519013,0.0018319415804646758,0.9157637323612537,0.3944225052276132,0.02814109007334601,0.007163981249568044
69,0.7005142552266175,0.0785422350291299,0.9922907357601753,0.0015510098499023014,0.9193368722853036,0.39128902894844636,0.026836397571064784,0.006532032542886735
70,0.7036282807785758,0.07456300038728071,0.9922907357601753,0.0015510098499023014,0.9193843513607634,0.39085955430405916,0.025837505267053286,0.006570999069738686
71,0.7078047027067355,0.07457188990723586,0.993030114967158,0.0020111316500609376,0.9269545153530718,0.3867135506168628,0.024407177676083396,0.0066717364784906795
72,0.7108343508343509,0.07131765829399958,0.993030114967158,0.0020111316500609376,0.9310703676318809,0.3748422130624013,0.02324788240992065,0.006053626387302465
73,0.7121017751997402,0.06544550585768248,0.9930355414920115,0.002009784317004621,0.9458731494052524,0.37175998456532766,0.022404951625387446,0.005650542699516115
74,0.7121017751997402,0.06544550585768248,0.993030114967158,0.0020111316500609376,0.9480545099666742,0.37477841514591687,0.021649796938241223,0.005265609770225135
75,0.7131352455461876,0.06468549625728841,0.993030114967158,0.0020111316500609376,0.9576931938616916,0.3877260594494168,0.0210109171668177,0.0054646030503104626
76,0.7182734461365248,0.06568153894629389,0.9933984242934197,0.002096425865199501,0.9559044030450512,0.3889911749087708,0.020252189910228886,0.005620235010787146
77,0.7147297030578978,0.06316889820336762,0.9934038508182734,0.0020939406142478217,0.9567442222070273,0.3916665323740392,0.019419223192498256,0.005262757065047122
78,0.7166094770306951,0.058267819416223145,0.9941296857193797,0.003018439259805579,0.9616017894179814,0.393869289783937,0.01868113410905013,0.005475276480370624
79,0.7121562948375534,0.05973946352076158,0.9937627205877393,0.00278334564444614,0.9681304187938636,0.4010089697728667,0.018281402313568465,0.005493899034491533
80,0.7130244289368377,0.05667824105933217,0.9941296857193797,0.003018439259805579,0.9791221697422738,0.40090098397210694,0.017913965293844807,0.005540911816542565
81,0.7122278511881794,0.05777358569972669,0.9941296857193797,0.003018439259805579,0.9876981617463272,0.40344553395599286,0.017373555709766064,0.005504377040570627
82,0.7139882633822542,0.060939986446678245,0.9941296857193797,0.003018439259805579,1.000789241196188,0.4127596596967433,0.016905096507713546,0.005350333171813489
83,0.7144201947922878,0.05823569610976548,0.9941296857193797,0.003018439259805579,1.014233799739489,0.41885785668299313,0.016235546303017635,0.005496854357932946
84,0.7103041364286438,0.05797983546377131,0.9941296857193797,0.003018439259805579,1.0180302712552918,0.42292839017970285,0.015865768914148513,0.005504625805942843
85,0.7092964800327521,0.06369447281221738,0.9941296857193797,0.003018439259805579,1.0293344924753867,0.4329206971162479,0.015571033627854136,0.005421380386456231
86,0.7090008399535781,0.06742786473403586,0.9941296857193797,0.003018439259805579,1.0346062741268796,0.43894840395047946,0.015132846632755983,0.005237388114814038
87,0.706152836868592,0.06480787206747061,0.9941296857193797,0.003018439259805579,1.0512335666275594,0.4593557535667203,0.014666428366621085,0.005256104693984624
88,0.7053187565927977,0.0625850784069588,0.9941296857193797,0.003018439259805579,1.0595447617218887,0.4576104847059334,0.014261712260321227,0.005356952888519877
89,0.7071098013689173,0.06570220007566031,0.9941296857193797,0.003018439259805579,1.0619994917817919,0.4587469959093517,0.01389269533341841,0.005074178078038612
90,0.7032753038623222,0.06410328934553242,0.9944993565234812,0.0029024211255833034,1.0663762217147972,0.4569689001148539,0.013483176016129503,0.004881355397285199
91,0.7012001696941648,0.0659339554625644,0.994864984805826,0.003283964248558782,1.0782255401625356,0.46899240289302446,0.01314748579182568,0.0049055600428358544
92,0.7000791202010224,0.06539532502377751,0.994864984805826,0.003283964248558782,1.0844475404975298,0.4704828973196451,0.012810226510046768,0.004480024023900544
93,0.6989072020141787,0.06337905592367654,0.994864984805826,0.003283964248558782,1.0865741826195685,0.47184802072232057,0.012623417606088977,0.004511118963913233
94,0.7008532931121165,0.058833876525262445,0.994864984805826,0.003283964248558782,1.0915832536113521,0.4689637710799184,0.012326043778276253,0.004464815697277072
95,0.6997154657183853,0.056959927408721696,0.994864984805826,0.003283964248558782,1.0972084675035125,0.46841817218982645,0.011983135425647985,0.0042715779722737705
96,0.6986115314846801,0.056445131792301095,0.994864984805826,0.003283964248558782,1.1083461796317178,0.46744623442958066,0.011747050191020252,0.0043351216150278775
97,0.6986115314846801,0.056445131792301095,0.994871644745953,0.0032738276952398227,1.1122281965745011,0.4721283792872207,0.011539503752519258,0.004280911934931727
98,0.6997469523477701,0.05820340162306843,0.994871644745953,0.0032738276952398227,1.1121829764820648,0.4720388023864306,0.01145963759964608,0.004244653242376505
99,0.6988417477696675,0.060888739254184296,0.994864984805826,0.003283964248558782,1.1188742401609666,0.4664771235090829,0.011226267550527264,0.0042709706562723375
100,0.6979998494627427,0.06190473448076358,0.994864984805826,0.003283964248558782,1.1237990008998469,0.46512839716465054,0.01096832898174093,0.004085079275629115
101,0.7016753498341689,0.06374268639795216,0.994864984805826,0.003283964248558782,1.1215552824561774,0.46796494873763184,0.010685836310738262,0.0039267114350512835
102,0.7017651973073941,0.06496725274766114,0.994864984805826,0.003283964248558782,1.1287881713229386,0.47435362233977935,0.010516192600297899,0.0037610253124121056
103,0.7007157041648776,0.06540383970478597,0.994864984805826,0.003283964248558782,1.130363938279491,0.46677021489726456,0.01034364802418494,0.0038646879944211655
104,0.7006448646473935,0.06369930479897147,0.994864984805826,0.003283964248558782,1.1375054090319545,0.4686058396914,0.010223337883878839,0.0038413561628240266
105,0.6967951755422299,0.06427194803181145,0.994864984805826,0.003283964248558782,1.1389501526618582,0.4697775113626021,0.01006497619992024,0.003841857411075125
106,0.6998934691987031,0.065892436790912,0.994864984805826,0.003283964248558782,1.1416202442832581,0.47559540679766843,0.009927263066013017,0.003942493368965572
107,0.7018588235294116,0.06276901861587159,0.994864984805826,0.003283964248558782,1.1483681259248895,0.4756765910231246,0.00978507482931058,0.003932079105424873
108,0.7020218320354827,0.06062161091674366,0.994864984805826,0.003283964248558782,1.149843597712594,0.47916193163232196,0.009695180879127177,0.00388540274679202
109,0.700072331154684,0.059530313800473446,0.994871644745953,0.0032738276952398227,1.156563270952474,0.48728852859701177,0.009585818257470407,0.0038537001525896304
110,0.700072331154684,0.059530313800473446,0.994871644745953,0.0032738276952398227,1.167456411139319,0.4831627406145622,0.009462978563933045,0.0038643576836063227
111,0.700072331154684,0.059530313800473446,0.994871644745953,0.0032738276952398227,1.1739672970996975,0.48855321596436324,0.009367208895217593,0.0038751511470575223
112,0.7011218242972005,0.0590646085362265,0.994864984805826,0.003283964248558782,1.1825231741173194,0.4929559488847771,0.009163684551849401,0.00400545903660552
113,0.7021355444997235,0.05932332898723582,0.994864984805826,0.003283964248558782,1.1870446583560454,0.49451070714663714,0.009053035277101922,0.0040338396435973395
114,0.702256458138811,0.05614562526631809,0.994871644745953,0.0032738276952398227,1.1904969825111618,0.500602672872082,0.008907014083327355,0.0041181022794096
115,0.7033719677385727,0.0567391923958267,0.994871644745953,0.0032738276952398227,1.1906753420753102,0.5025457573514098,0.008843430387223752,0.004078157135383932
116,0.7053958078958079,0.054883462034906995,0.994864984805826,0.003283964248558782,1.1957746869539208,0.5019970778626567,0.008741540025817309,0.0040129458031360615
117,0.7061164087976672,0.058674002577486416,0.994864984805826,0.003283964248558782,1.1970230475946202,0.5092200218974812,0.008694637321275083,0.004022768802665837
118,0.7040573002705355,0.05989245412491283,0.994864984805826,0.003283964248558782,1.1974916312253963,0.5092165268696529,0.008641293635104352,0.004002139311258932
119,0.7020775745698795,0.05926692619106805,0.994864984805826,0.003283964248558782,1.2096266430813831,0.512813956309896,0.008556815681090615,0.0039383571844226134
120,0.7020775745698795,0.05926692619106805,0.994864984805826,0.003283964248558782,1.2078318129453984,0.5135699815931295,0.008512789224722903,0.003925856301907917
121,0.7009182787347572,0.05703099326289336,0.994871644745953,0.0032738276952398227,1.214990081129741,0.5149737705038091,0.008441128383046425,0.00385769532310494
122,0.7009182787347572,0.05703099326289336,0.994871644745953,0.0032738276952398227,1.2155051179783236,0.5190686882221657,0.008374677930794758,0.003885948750029737
123,0.7040573002705355,0.05989245412491283,0.994871644745953,0.0032738276952398227,1.2191668406474494,0.516163621712541,0.008315827299341383,0.003884422376040716
124,0.7040573002705355,0.05989245412491283,0.9948770712708066,0.003269181472071794,1.2257596502614372,0.5116217080673326,0.008182421741813179,0.0038897188303157883
125,0.7040573002705355,0.05989245412491283,0.9948770712708066,0.003269181472071794,1.2261689657963482,0.5112290828242171,0.00814108721265844,0.003859544584556395
126,0.7040573002705355,0.05989245412491283,0.9948770712708066,0.003269181472071794,1.229737152024119,0.5096182687715228,0.008112925234787809,0.0038633698251911573
127,0.7030156336038689,0.060632825119304776,0.9948770712708066,0.003269181472071794,1.2348335577080989,0.5042532711894809,0.00804520412773012,0.003844162330834055
128,0.7030156336038689,0.060632825119304776,0.9948770712708066,0.003269181472071794,1.2383308087949612,0.5065066712213172,0.008000365739139419,0.0038747967453756503
129,0.7012291412291412,0.05731853649626764,0.994871644745953,0.0032738276952398227,1.239257617033687,0.5071050201773949,0.00797157332499009,0.0038700621528420303
130,0.7031317403872148,0.055793514562660095,0.994871644745953,0.0032738276952398227,1.240562379550499,0.5092260124910885,0.007915731520755837,0.0038538930166193493
131,0.7031317403872148,0.055793514562660095,0.994871644745953,0.0032738276952398227,1.2449256776631026,0.511387631663189,0.007872323986745831,0.003843390581655214
132,0.7031317403872148,0.055793514562660095,0.994871644745953,0.0032738276952398227,1.2460786622376563,0.5103378599041782,0.00784549181069066,0.0038417221110088697
133,0.7031317403872148,0.055793514562660095,0.994871644745953,0.0032738276952398227,1.2570428992348635,0.5060506330170447,0.007757994524012153,0.003886761040545913
134,0.7031317403872148,0.055793514562660095,0.994871644745953,0.0032738276952398227,1.2621532873782004,0.5069450386675743,0.007729386459178887,0.0038748245027635394
135,0.7051830224384968,0.0542858607693498,0.994871644745953,0.0032738276952398227,1.2637071535240243,0.5090772904452314,0.007710015051459446,0.0038765069677311266
136,0.7051830224384968,0.0542858607693498,0.994871644745953,0.0032738276952398227,1.2636901113945147,0.5097851937600617,0.007688302866115049,0.003877294271004079
137,0.7070660225442834,0.054256061214772444,0.9948770712708066,0.003269181472071794,1.2716843762144663,0.5088991211821059,0.007604069672192402,0.003947748480409173
138,0.7040283383426362,0.05217928797789667,0.9948770712708066,0.003269181472071794,1.2703467043274936,0.5101374088545655,0.00746328283371311,0.004101910318470173
139,0.7059113384484228,0.052200376135031964,0.9948770712708066,0.003269181472071794,1.2684510094716326,0.513835673153116,0.0074299887096345735,0.004108434779505297
140,0.7059113384484228,0.052200376135031964,0.9948770712708066,0.003269181472071794,1.2706941473037676,0.5128729880170566,0.00740216901060142,0.004120935426464776
141,0.7019770562913542,0.053690951051019356,0.9948770712708066,0.003269181472071794,1.2725368697040884,0.5123730450454461,0.007390532768467084,0.004136375107522706
142,0.6981491536785654,0.04854661667273786,0.9948704113306794,0.0032793461628588426,1.2762353884746245,0.5060711717380132,0.007345832227270775,0.0040985957074793754
143,0.6978691694220892,0.053555223707743696,0.9948770712708066,0.003269181472071794,1.2819515902086818,0.5058548380529735,0.007215806266377317,0.004004786167935852
144,0.6999525027554225,0.051702000617661274,0.9948770712708066,0.003269181472071794,1.2858620647789631,0.5047389080822676,0.007125653952717949,0.003952422944822017
145,0.7009847608199385,0.05023652570873523,0.9948770712708066,0.003269181472071794,1.2877250140288794,0.505093192106552,0.007116898512874085,0.003947214379994461
146,0.6991814117430815,0.04703232337291903,0.9948770712708066,0.003269181472071794,1.288027776628344,0.5046716589958756,0.007108348281124037,0.003934889609539123
147,0.6960806365492831,0.050121509986045636,0.994871644745953,0.0032738276952398227,1.2914227989237639,0.5040127663223941,0.007081397728252464,0.003936603044489176
148,0.6982647031793141,0.05008469282294462,0.994871644745953,0.0032738276952398227,1.2943094158019457,0.5053102854899884,0.007051251734775034,0.0039301443417529775
149,0.6982647031793141,0.05008469282294462,0.9948770712708066,0.003269181472071794,1.2965029972568836,0.5110922997903924,0.007045760786841185,0.00392487534765848
150,0.6982647031793141,0.05008469282294462,0.9948770712708066,0.003269181472071794,1.2971607784298613,0.5099667282932472,0.007036202000370653,0.003914129114572322
151,0.6982647031793141,0.05008469282294462,0.9948770712708066,0.003269181472071794,1.2981554194336529,0.5099927547550295,0.0070224683767179915,0.003910487574838028
152,0.6982647031793141,0.05008469282294462,0.9948770712708066,0.003269181472071794,1.3051615268026295,0.5176671671070552,0.006970107293010436,0.003962193062983242
153,0.6986951372449991,0.04963996977694801,0.9948770712708066,0.003269181472071794,1.3026759904993146,0.5201734375832996,0.006916929216166363,0.004012892104836498
154,0.6993857526724567,0.05083600624900606,0.9948770712708066,0.003269181472071794,1.3026626848501053,0.5199554966627663,0.0069031665469621445,0.0039974376623447124
155,0.6982528550689708,0.04888426186476679,0.9948770712708066,0.003269181472071794,1.3027009883619438,0.5199045261595205,0.006900223933023357,0.003993283510452229
156,0.6982528550689708,0.04888426186476679,0.9948770712708066,0.003269181472071794,1.2999717357433154,0.5200272930816535,0.006842567112725006,0.003961763563408107
157,0.6951500620081036,0.045535808524894736,0.9948770712708066,0.003269181472071794,1.3010778959153997,0.5191629653648429,0.006830222067881956,0.003958575357763005
158,0.6971364961166308,0.047015303517249,0.9948770712708066,0.003269181472071794,1.3006591605952862,0.5194203339016478,0.006815442903645991,0.0039560871123249155
159,0.6971364961166308,0.047015303517249,0.9948770712708066,0.003269181472071794,1.3031848511577606,0.5177228658362515,0.0067823136516932305,0.003986228295828018
160,0.6962664209604437,0.04752142764070375,0.9948770712708066,0.003269181472071794,1.3043927905403954,0.5166591050361313,0.006767965371977981,0.003975190891370862
161,0.6962664209604437,0.04752142764070375,0.9948770712708066,0.003269181472071794,1.3052646613127137,0.516011257452395,0.006760097265479157,0.003966263174751254
162,0.6962664209604437,0.04752142764070375,0.9948770712708066,0.003269181472071794,1.3069368824897059,0.5149205974632244,0.006747836765039335,0.00395905140801169
163,0.6962664209604437,0.04752142764070375,0.9948770712708066,0.003269181472071794,1.3111192216375203,0.5176273325642394,0.006734460248584598,0.0039673324764061095
164,0.6951500620081036,0.045535808524894736,0.9948770712708066,0.003269181472071794,1.310901093323221,0.5154400465610195,0.006705445855664641,0.003993770142222986
165,0.6944363556009665,0.04429345394436094,0.9948770712708066,0.003269181472071794,1.313097060714296,0.512423874441401,0.006702108459097714,0.003988969680222376
166,0.6951500620081036,0.045535808524894736,0.9948770712708066,0.003269181472071794,1.3148116314381326,0.5108729774711713,0.006695548613186356,0.003989075116924178
167,0.6960452026730652,0.045482127631648335,0.9948770712708066,0.003269181472071794,1.3181460560812637,0.508959636931063,0.006686743240219917,0.004000657295844431
168,0.6980912384786919,0.04568965823030378,0.9948770712708066,0.003269181472071794,1.3177506600979387,0.5091935387246491,0.006681473732301912,0.004007648088502243
169,0.6980912384786919,0.04568965823030378,0.9948770712708066,0.003269181472071794,1.3177506600979387,0.5091935387246491,0.006681473732301912,0.004007648088502243
170,0.6980912384786919,0.04568965823030378,0.9948770712708066,0.003269181472071794,1.317790578157379,0.5092424256124688,0.006675750660046595,0.0040151102282003776
171,0.6980912384786919,0.04568965823030378,0.9948770712708066,0.003269181472071794,1.316511218936144,0.5100042587851927,0.006660752576681457,0.004035091687439483
172,0.6980912384786919,0.04568965823030378,0.9948770712708066,0.003269181472071794,1.3188551690108463,0.5130772660359234,0.006654758231655619,0.004034589567709799
173,0.6980912384786919,0.04568965823030378,0.9948770712708066,0.003269181472071794,1.318856371031473,0.5130786781366787,0.006654757401454436,0.0040345906455064575
174,0.700077672587219,0.04700922933695255,0.9948770712708066,0.003269181472071794,1.3192517334506486,0.5162593956115016,0.006644828231751922,0.004043330438304525
175,0.700077672587219,0.04700922933695255,0.9948770712708066,0.003269181472071794,1.31886170956032,0.5165281623247197,0.006642838665345109,0.004042165769553143
176,0.700077672587219,0.04700922933695255,0.9948770712708066,0.003269181472071794,1.3188622792814222,0.516528980843327,0.006642836531222026,0.0040421678995377856
177,0.6990471874004436,0.046906535244656676,0.9948770712708066,0.003269181472071794,1.3232268873908954,0.5171087497842526,0.006633682922106738,0.004047594305707006
178,0.6990471874004436,0.046906535244656676,0.9948770712708066,0.003269181472071794,1.3240786730452785,0.5166214711632826,0.0066314337684197176,0.00405058588857474
179,0.6990471874004436,0.046906535244656676,0.9948770712708066,0.003269181472071794,1.3291097763992679,0.5227338678792152,0.006622219838215983,0.004062639969285397
180,0.6990471874004436,0.046906535244656676,0.9948770712708066,0.003269181472071794,1.3320087374861935,0.5268692195714094,0.0065798742402959996,0.004037483950059545
181,0.6990471874004436,0.046906535244656676,0.9948770712708066,0.003269181472071794,1.3311430260279502,0.528064831313436,0.006577367156900128,0.004033853005288664
182,0.7000728284260845,0.045927187221369015,0.9948770712708066,0.003269181472071794,1.3332355084207812,0.5242051246970362,0.006567027875376262,0.004035922154918206
183,0.7000728284260845,0.045927187221369015,0.9948770712708066,0.003269181472071794,1.3332345880184764,0.5242082586106876,0.00656702403163438,0.004035922597120242
184,0.7000728284260845,0.045927187221369015,0.9948770712708066,0.003269181472071794,1.3330917995891816,0.524404787139524,0.006563818464128415,0.004031305069398315
185,0.7019558285318711,0.04615331260921029,0.9948770712708066,0.003269181472071794,1.3344267434723913,0.5236360126877414,0.006558601511836593,0.004038185290844763
186,0.7019558285318711,0.04615331260921029,0.9948770712708066,0.003269181472071794,1.3344275056596981,0.5236369367942066,0.006558600636959964,0.004038186436751888
187,0.7019558285318711,0.04615331260921029,0.9948770712708066,0.003269181472071794,1.3359878334131456,0.5258929592677232,0.00653183269868997,0.004023182277902376
188,0.7019558285318711,0.04615331260921029,0.9948770712708066,0.003269181472071794,1.336129914920515,0.5257002191233182,0.00653027931995386,0.004020921885191168
189,0.7019558285318711,0.04615331260921029,0.9948770712708066,0.003269181472071794,1.3361303737384254,0.5257003463211211,0.0065302763770281325,0.004020924649669277
190,0.7019558285318711,0.04615331260921029,0.9948770712708066,0.003269181472071794,1.336134327093795,0.525698083686938,0.0065302709546513045,0.004020931795257648
191,0.7019558285318711,0.04615331260921029,0.9948770712708066,0.003269181472071794,1.336137163315276,0.5256948088744108,0.006530267268110322,0.0040209296178437826
192,0.700923570467355,0.04777052018326581,0.9948770712708066,0.003269181472071794,1.338209938787222,0.5287137955809207,0.006518448042416162,0.004014562369487526
